DateTime,vuser,Tests,Errors,Mean_Test_Time_(ms),Test_Time_Standard_Deviation_(ms),TPS,Mean_response_length,Response_bytes_per_second,Response_errors,Mean_time_to_resolve_host,Mean_time_to_establish_connection,Mean_time_to_first_byte
2022-07-07 05:28:25,148,68,0,2106.456,496.307,34,5206,177004,0,0,119.971,2098.221
2022-07-07 05:28:27,148,101,0,3876.139,498.902,50.5,5206,262903,0,0,125.248,3872.248
2022-07-07 05:28:29,148,81,0,3661.025,51.213,40.5,5206,210843,0,0,6.148,3659.877
2022-07-07 05:28:31,148,82,0,3601.927,375.143,41,5206,213446,0,0,6.11,3587.61
2022-07-07 05:28:33,148,81,0,3704.938,60.299,40.5,5206,210843,0,0,6.358,3683.111
2022-07-07 05:28:35,148,79,0,3768.937,379.889,39.5,5206,205637,0,0,5.886,3764.076
2022-07-07 05:28:37,148,77,0,3748.052,60.634,38.5,5206,200431,0,0,6.169,3746.974
2022-07-07 05:28:39,148,77,0,3832.74,57.682,38.5,5206,200431,0,0,5.597,3831.675
2022-07-07 05:28:41,148,87,0,3730.54,89.243,43.5,5206,226461,0,0,5.851,3729.621
2022-07-07 05:28:43,148,78,0,3525.154,383.1,39,5206,203034,0,0,5.718,3524.09
2022-07-07 05:28:45,148,79,0,3568.418,84.542,39.5,5206,205637,0,0,5.722,3567.544
2022-07-07 05:28:47,148,82,0,3775.122,359.494,41,5206,213446,0,0,5.78,3774.11
2022-07-07 05:28:49,148,79,0,3732.886,73.603,39.5,5206,205637,0,0,6.063,3732.051
2022-07-07 05:28:51,148,83,0,3647.699,45.673,41.5,5206,216049,0,0,5.928,3646.88
2022-07-07 05:28:53,148,83,0,3624.795,45.114,41.5,5206,216049,0,0,5.916,3623.916
2022-07-07 05:28:55,148,83,0,3609.349,54.942,41.5,5206,216049,0,0,5.807,3608.494
2022-07-07 05:28:57,148,79,0,3500.291,526.526,39.5,5206,205637,0,0,5.747,3499.19
2022-07-07 05:28:59,148,83,0,3661.277,386.922,41.5,5206,216049,0,0,5.759,3660.398
2022-07-07 05:29:01,148,74,0,3786.595,382.264,37,5206,192622,0,0,5.811,3771.203
2022-07-07 05:29:03,148,85,0,3780.541,725.691,42.5,5206,221255,0,0,5.847,3758.741
2022-07-07 05:29:05,148,78,0,3672.936,63.454,39,5206,203034,0,0,5.923,3668.949
2022-07-07 05:29:07,148,82,0,3657.561,64.984,41,5206,213446,0,0,5.915,3656.878
2022-07-07 05:29:09,148,85,0,3601.482,361.947,42.5,5206,221255,0,0,5.4,3600.624
2022-07-07 05:29:11,148,75,0,3676.093,56.94,37.5,5206,195225,0,0,5.787,3675.28
2022-07-07 05:29:13,148,81,0,3730.617,355.355,40.5,5206,210843,0,0,6.086,3729.716
2022-07-07 05:29:15,148,80,0,3687.225,55.041,40,5206,208240,0,0,5.8,3686.3
2022-07-07 05:29:17,148,87,0,3661.713,64.487,43.5,5206,226461,0,0,5.494,3661.046
2022-07-07 05:29:19,148,80,0,3576.912,58.915,40,5206,208240,0,0,5.625,3576.012
